"patient_id","mutation_count"
"TCGA-AN-A046",5978
"TCGA-AC-A23H",5064
"TCGA-BH-A18G",1528
"TCGA-AN-A0AK",1452
"TCGA-A8-A09Z",1380
"TCGA-5L-AAT1",1290
"TCGA-BH-A0HF",1171
"TCGA-D8-A1XK",1145
"TCGA-AO-A128",1038
"TCGA-D8-A1XQ",970
"TCGA-D8-A1JA",948
"TCGA-D8-A27G",921
"TCGA-BH-A0B6",840
"TCGA-D8-A1J8",824
"TCGA-C8-A26Y",753
"TCGA-3C-AALI",559
"TCGA-GM-A2D9",503
"TCGA-AC-A5XS",496
"TCGA-BH-A2L8",492
"TCGA-PE-A5DE",452
"TCGA-EW-A1J5",449
"TCGA-EW-A2FV",446
"TCGA-BH-A18V",438
"TCGA-EW-A1IZ",421
"TCGA-E2-A10C",396
"TCGA-A2-A0YK",375
"TCGA-BH-A0HA",365
"TCGA-C8-A1HM",353
"TCGA-D8-A27V",340
"TCGA-BH-A18P",332
"TCGA-AN-A0XW",328
"TCGA-AR-A0TX",328
"TCGA-AR-A2LE",316
"TCGA-A1-A0SO",309
"TCGA-A7-A13D",306
"TCGA-BH-A0DZ",299
"TCGA-BH-A0HP",292
"TCGA-A2-A0CX",290
"TCGA-A8-A09G",285
"TCGA-A2-A25A",282
"TCGA-BH-A0BZ",261
"TCGA-A8-A08R",256
"TCGA-C8-A8HQ",253
"TCGA-A8-A06Q",242
"TCGA-D8-A1Y1",236
"TCGA-A2-A0EQ",235
"TCGA-A8-A07R",233
"TCGA-A8-A08L",230
"TCGA-A8-A0A7",230
"TCGA-LD-A74U",228
"TCGA-A2-A0EY",225
"TCGA-D8-A1JK",222
"TCGA-A1-A0SI",221
"TCGA-A8-A06X",221
"TCGA-A8-A09A",221
"TCGA-C8-A274",214
"TCGA-BH-A0W7",212
"TCGA-A8-A094",208
"TCGA-D8-A1J9",205
"TCGA-E2-A1IN",199
"TCGA-A7-A5ZV",196
"TCGA-AR-A256",196
"TCGA-E2-A1LH",192
"TCGA-GM-A2DH",192
"TCGA-A2-A0T0",187
"TCGA-AR-A24Q",181
"TCGA-B6-A0I6",180
"TCGA-AN-A0FL",179
"TCGA-C8-A12P",178
"TCGA-AR-A251",177
"TCGA-D8-A1JN",176
"TCGA-A2-A3Y0",175
"TCGA-XX-A89A",175
"TCGA-OL-A5RW",174
"TCGA-5L-AAT0",173
"TCGA-BH-A0AW",169
"TCGA-C8-A8HP",168
"TCGA-GM-A2DO",166
"TCGA-C8-A12T",164
"TCGA-D8-A147",163
"TCGA-E2-A1LG",163
"TCGA-A7-A0DA",161
"TCGA-B6-A0RE",161
"TCGA-A7-A0DB",159
"TCGA-A8-A095",157
"TCGA-B6-A0RS",157
"TCGA-E2-A159",157
"TCGA-BH-A0BP",156
"TCGA-A8-A09Q",155
"TCGA-BH-A1F8",155
"TCGA-AC-A5EH",154
"TCGA-AN-A0XN",154
"TCGA-AO-A0JC",154
"TCGA-C8-A27B",154
"TCGA-AC-A8OP",153
"TCGA-EW-A1PB",153
"TCGA-LL-A8F5",150
"TCGA-A2-A04W",149
"TCGA-AC-A6IW",149
"TCGA-AR-A24H",149
"TCGA-B6-A0IK",148
"TCGA-E9-A1RF",148
"TCGA-A2-A0CL",147
"TCGA-B6-A0IJ",147
"TCGA-BH-A18U",147
"TCGA-UU-A93S",146
"TCGA-A7-A13E",143
"TCGA-AO-A124",143
"TCGA-A2-A04P",142
"TCGA-C8-A12K",141
"TCGA-A8-A09I",140
"TCGA-A8-A09M",140
"TCGA-A2-A0SY",139
"TCGA-D8-A27H",138
"TCGA-A7-A56D",136
"TCGA-D8-A1JG",136
"TCGA-A8-A07W",135
"TCGA-A8-A08F",135
"TCGA-GM-A2DB",134
"TCGA-A7-A6VX",133
"TCGA-D8-A142",132
"TCGA-D8-A73U",131
"TCGA-E2-A152",131
"TCGA-AN-A0XU",129
"TCGA-A2-A0CR",127
"TCGA-AN-A0AT",126
"TCGA-AO-A0J9",126
"TCGA-BH-A0EE",126
"TCGA-C8-A275",126
"TCGA-LL-A73Y",126
"TCGA-S3-AA10",126
"TCGA-E9-A1R4",125
"TCGA-A7-A26H",124
"TCGA-B6-A0I8",124
"TCGA-E9-A22E",124
"TCGA-AN-A0AR",123
"TCGA-A7-A26E",122
"TCGA-AC-A23C",122
"TCGA-D8-A1JP",122
"TCGA-AO-A0JD",121
"TCGA-A8-A081",117
"TCGA-BH-A1FN",117
"TCGA-AO-A0J4",116
"TCGA-D8-A1JL",116
"TCGA-E2-A14R",115
"TCGA-E2-A574",115
"TCGA-GI-A2C8",115
"TCGA-AN-A0FW",114
"TCGA-C8-A1HJ",114
"TCGA-PE-A5DC",114
"TCGA-A2-A4RW",113
"TCGA-BH-A0HK",113
"TCGA-C8-A12Q",113
"TCGA-A8-A093",112
"TCGA-D8-A140",112
"TCGA-OL-A5RZ",112
"TCGA-AO-A0J6",111
"TCGA-AR-A250",110
"TCGA-PL-A8LV",110
"TCGA-A1-A0SH",109
"TCGA-A2-A04T",108
"TCGA-AN-A0FT",108
"TCGA-A7-A0CE",107
"TCGA-E2-A14V",106
"TCGA-EW-A1OV",106
"TCGA-GM-A3XL",106
"TCGA-A2-A25B",105
"TCGA-BH-A0WA",105
"TCGA-A8-A097",104
"TCGA-AN-A04D",104
"TCGA-A7-A6VY",103
"TCGA-E9-A22G",103
"TCGA-S3-AA17",103
"TCGA-A2-A0CT",102
"TCGA-AN-A0FJ",102
"TCGA-AC-A2B8",101
"TCGA-BH-A1FC",101
"TCGA-D8-A1JD",101
"TCGA-E2-A14W",101
"TCGA-AO-A03T",100
"TCGA-BH-A0C0",100
"TCGA-D8-A1XW",100
"TCGA-AR-A1AH",99
"TCGA-C8-A134",99
"TCGA-E9-A244",99
"TCGA-AO-A0JB",98
"TCGA-BH-A209",98
"TCGA-D8-A1JC",98
"TCGA-A8-A07L",97
"TCGA-AN-A0FX",97
"TCGA-BH-A0DK",97
"TCGA-A7-A4SE",96
"TCGA-E9-A5FL",96
"TCGA-BH-A1EV",95
"TCGA-E2-A15K",95
"TCGA-E2-A1LA",95
"TCGA-OL-A66P",95
"TCGA-UL-AAZ6",95
"TCGA-AN-A0FV",93
"TCGA-BH-A18Q",93
"TCGA-D8-A1X9",93
"TCGA-D8-A1XL",93
"TCGA-E9-A1RH",93
"TCGA-A2-A0D2",92
"TCGA-AC-A8OQ",92
"TCGA-E2-A15A",92
"TCGA-A2-A04R",91
"TCGA-AC-A6IX",91
"TCGA-AR-A0U1",91
"TCGA-E9-A1NA",91
"TCGA-E2-A15M",90
"TCGA-AN-A0AL",89
"TCGA-BH-A0BW",89
"TCGA-BH-A18T",89
"TCGA-D8-A13Z",89
"TCGA-E2-A14N",89
"TCGA-AO-A0J3",88
"TCGA-D8-A1XJ",88
"TCGA-E2-A158",88
"TCGA-PL-A8LZ",88
"TCGA-EW-A1IW",87
"TCGA-A2-A0D0",86
"TCGA-A8-A075",85
"TCGA-AN-A0AJ",85
"TCGA-AN-A0AM",85
"TCGA-AR-A0TS",85
"TCGA-E9-A295",85
"TCGA-A8-A09W",84
"TCGA-A2-A0YH",83
"TCGA-A7-A4SF",83
"TCGA-A8-A079",83
"TCGA-A8-A08H",83
"TCGA-A8-A092",83
"TCGA-AN-A04C",83
"TCGA-AR-A0TU",83
"TCGA-E2-A14P",83
"TCGA-A2-A0YM",82
"TCGA-AO-A03O",82
"TCGA-HN-A2NL",82
"TCGA-A7-A26F",81
"TCGA-A8-A06Z",81
"TCGA-C8-A26V",81
"TCGA-D8-A1XZ",81
"TCGA-E9-A1ND",81
"TCGA-B6-A0X1",80
"TCGA-E2-A150",80
"TCGA-E2-A2P5",80
"TCGA-EW-A1PD",80
"TCGA-A8-A09N",79
"TCGA-BH-A18J",79
"TCGA-D8-A13Y",79
"TCGA-D8-A1JJ",79
"TCGA-A2-A0YJ",78
"TCGA-AC-A2BK",78
"TCGA-AR-A1AO",78
"TCGA-E9-A1NC",78
"TCGA-AC-A62V",77
"TCGA-AO-A0J2",77
"TCGA-C8-A12L",77
"TCGA-A8-A085",76
"TCGA-BH-A203",76
"TCGA-E9-A243",76
"TCGA-A8-A076",75
"TCGA-AO-A1KR",75
"TCGA-B6-A0I9",75
"TCGA-BH-A5IZ",75
"TCGA-E2-A9RU",75
"TCGA-OL-A5DA",75
"TCGA-A2-A1FW",74
"TCGA-AR-A1AI",74
"TCGA-LL-A5YP",74
"TCGA-AR-A0TY",73
"TCGA-EW-A6SA",73
"TCGA-A7-A26I",72
"TCGA-A8-A07B",72
"TCGA-AN-A0FZ",72
"TCGA-B6-A0IB",72
"TCGA-BH-A0AV",72
"TCGA-E2-A1LS",72
"TCGA-GM-A3NW",72
"TCGA-Z7-A8R6",72
"TCGA-AN-A0FS",71
"TCGA-B6-A0WZ",71
"TCGA-BH-A0B0",71
"TCGA-BH-A0B4",71
"TCGA-BH-A0B8",71
"TCGA-E2-A15E",71
"TCGA-E9-A2JS",71
"TCGA-A1-A0SK",70
"TCGA-A8-A06O",70
"TCGA-A8-A08P",70
"TCGA-BH-A0DX",70
"TCGA-BH-A1FU",70
"TCGA-A2-A4S1",69
"TCGA-AR-A0TV",69
"TCGA-AR-A5QQ",69
"TCGA-BH-A8FZ",69
"TCGA-C8-A26X",69
"TCGA-EW-A1P4",69
"TCGA-OL-A66L",69
"TCGA-S3-AA11",69
"TCGA-A2-A4S3",68
"TCGA-A7-A6VW",68
"TCGA-AC-A2QH",68
"TCGA-AC-A3W7",68
"TCGA-BH-A1F0",68
"TCGA-D8-A1Y0",68
"TCGA-E2-A14Z",68
"TCGA-AQ-A04H",67
"TCGA-AQ-A04J",67
"TCGA-BH-A0HX",67
"TCGA-C8-A132",67
"TCGA-C8-A135",67
"TCGA-E2-A1L7",67
"TCGA-LL-A5YL",67
"TCGA-A8-A07U",66
"TCGA-E2-A15G",66
"TCGA-E2-A1IH",66
"TCGA-AQ-A7U7",65
"TCGA-AR-A1AK",65
"TCGA-BH-A1EN",65
"TCGA-BH-A208",65
"TCGA-D8-A27F",65
"TCGA-E9-A22B",65
"TCGA-GM-A2DI",65
"TCGA-OL-A97C",65
"TCGA-A1-A0SN",64
"TCGA-A2-A0YD",64
"TCGA-A8-A06R",64
"TCGA-AC-A62Y",64
"TCGA-AQ-A54N",64
"TCGA-BH-A0AZ",64
"TCGA-BH-A5J0",64
"TCGA-C8-A131",64
"TCGA-D8-A27M",64
"TCGA-E2-A155",64
"TCGA-E9-A226",64
"TCGA-EW-A1OY",64
"TCGA-A2-A0EV",63
"TCGA-A8-A06U",63
"TCGA-AC-A5XU",63
"TCGA-AR-A0TP",63
"TCGA-B6-A0RG",63
"TCGA-BH-A0H7",63
"TCGA-C8-A1HK",63
"TCGA-A2-A25E",62
"TCGA-A7-A13G",62
"TCGA-AR-A2LR",62
"TCGA-BH-A0B5",62
"TCGA-C8-A12M",62
"TCGA-LL-A6FP",62
"TCGA-A8-A09X",61
"TCGA-AR-A255",61
"TCGA-B6-A1KN",61
"TCGA-A7-A26J",60
"TCGA-A8-A07G",60
"TCGA-AR-A0TT",60
"TCGA-C8-A12W",60
"TCGA-E9-A1N9",60
"TCGA-A2-A0CW",59
"TCGA-A2-A0YG",59
"TCGA-A2-A0YT",59
"TCGA-B6-A0RL",59
"TCGA-E2-A15S",59
"TCGA-EW-A1OZ",59
"TCGA-EW-A6SB",59
"TCGA-A2-A0D1",58
"TCGA-A2-A0SW",58
"TCGA-AO-A12D",58
"TCGA-AR-A2LH",58
"TCGA-B6-A1KF",58
"TCGA-E9-A1R2",58
"TCGA-A2-A0CM",57
"TCGA-A2-A25D",57
"TCGA-AQ-A0Y5",57
"TCGA-AR-A1AY",57
"TCGA-BH-A0BL",57
"TCGA-BH-A0HY",57
"TCGA-BH-A1FM",57
"TCGA-D8-A1XM",57
"TCGA-OL-A6VQ",57
"TCGA-A2-A04U",56
"TCGA-A7-A26G",56
"TCGA-A8-A0A9",56
"TCGA-AO-A0J5",56
"TCGA-AR-A0TW",56
"TCGA-AR-A0TZ",56
"TCGA-B6-A0I2",56
"TCGA-E2-A1AZ",56
"TCGA-GM-A2DD",56
"TCGA-OL-A5D7",56
"TCGA-A7-A0CJ",55
"TCGA-A8-A07P",55
"TCGA-C8-A1HI",55
"TCGA-C8-A26W",55
"TCGA-PE-A5DD",55
"TCGA-S3-AA0Z",55
"TCGA-AC-A62X",54
"TCGA-AO-A03V",54
"TCGA-BH-A18K",54
"TCGA-D8-A1X5",54
"TCGA-A1-A0SF",53
"TCGA-AN-A0FY",53
"TCGA-AR-A1AR",53
"TCGA-B6-A0RT",53
"TCGA-BH-A0B1",53
"TCGA-BH-A0C7",53
"TCGA-BH-A1F2",53
"TCGA-C8-A12Z",53
"TCGA-C8-A1HN",53
"TCGA-D8-A1Y3",53
"TCGA-E2-A573",53
"TCGA-E9-A1NE",53
"TCGA-LL-A740",53
"TCGA-OL-A66J",53
"TCGA-3C-AALK",52
"TCGA-A1-A0SP",52
"TCGA-AR-A0U2",52
"TCGA-BH-A0DL",52
"TCGA-BH-A18F",52
"TCGA-BH-A18L",52
"TCGA-C8-A1HG",52
"TCGA-D8-A143",52
"TCGA-E9-A1NF",52
"TCGA-A7-A0CG",51
"TCGA-A8-A08S",51
"TCGA-A8-A09E",51
"TCGA-D8-A4Z1",51
"TCGA-E2-A1B1",51
"TCGA-E2-A1LB",51
"TCGA-E2-A576",51
"TCGA-E9-A1RC",51
"TCGA-A7-A6VV",50
"TCGA-AC-A4ZE",50
"TCGA-BH-A0AY",50
"TCGA-D8-A1XY",50
"TCGA-D8-A27N",50
"TCGA-E2-A1B0",50
"TCGA-E9-A1RE",50
"TCGA-LL-A6FQ",50
"TCGA-A2-A0ET",49
"TCGA-A8-A09D",49
"TCGA-AC-A8OS",49
"TCGA-AN-A0FK",49
"TCGA-B6-A0RU",49
"TCGA-BH-A0E2",49
"TCGA-D8-A1JF",49
"TCGA-E2-A154",49
"TCGA-E9-A1R5",49
"TCGA-LL-A7T0",49
"TCGA-AO-A1KT",48
"TCGA-BH-A0BR",48
"TCGA-BH-A18H",48
"TCGA-C8-A137",48
"TCGA-C8-A1HE",48
"TCGA-E9-A1R7",48
"TCGA-EW-A6SD",48
"TCGA-LL-A9Q3",48
"TCGA-A2-A04N",47
"TCGA-A2-A04Q",47
"TCGA-A2-A0EU",47
"TCGA-A8-A08T",47
"TCGA-AO-A03P",47
"TCGA-AO-A03R",47
"TCGA-AO-A0JE",47
"TCGA-AR-A24S",47
"TCGA-B6-A0RQ",47
"TCGA-BH-A1EY",47
"TCGA-C8-A12X",47
"TCGA-C8-A130",47
"TCGA-E2-A1IG",47
"TCGA-E2-A1LK",47
"TCGA-LL-A7SZ",47
"TCGA-5T-A9QA",46
"TCGA-A8-A0A1",46
"TCGA-AR-A24L",46
"TCGA-B6-A0RV",46
"TCGA-B6-A2IU",46
"TCGA-C8-A138",46
"TCGA-D8-A27L",46
"TCGA-EW-A1PH",46
"TCGA-LL-A5YO",46
"TCGA-A8-A07O",45
"TCGA-A8-A08B",45
"TCGA-A8-A09K",45
"TCGA-AC-A3OD",45
"TCGA-AO-A0JM",45
"TCGA-BH-A0EB",45
"TCGA-BH-A0H9",45
"TCGA-D8-A1JB",45
"TCGA-A8-A08G",44
"TCGA-A8-A09B",44
"TCGA-AO-A1KS",44
"TCGA-C8-A12U",44
"TCGA-GM-A2DF",44
"TCGA-OL-A66I",44
"TCGA-WT-AB41",44
"TCGA-A8-A07I",43
"TCGA-AC-A3QQ",43
"TCGA-AR-A1AV",43
"TCGA-AR-A24Z",43
"TCGA-BH-A0DS",43
"TCGA-BH-A0E7",43
"TCGA-D8-A1JM",43
"TCGA-D8-A73W",43
"TCGA-E9-A228",43
"TCGA-EW-A1J6",43
"TCGA-GM-A2DL",43
"TCGA-A8-A0A2",42
"TCGA-AR-A1AS",42
"TCGA-AR-A2LK",42
"TCGA-BH-A0BA",42
"TCGA-BH-A0DH",42
"TCGA-BH-A0DI",42
"TCGA-BH-A1F6",42
"TCGA-C8-A12V",42
"TCGA-C8-A26Z",42
"TCGA-A2-A0CS",41
"TCGA-A2-A0CU",41
"TCGA-A2-A0T3",41
"TCGA-AR-A24U",41
"TCGA-AR-A2LN",41
"TCGA-B6-A0X5",41
"TCGA-BH-A0B3",41
"TCGA-BH-A0C1",41
"TCGA-BH-A8FY",41
"TCGA-C8-A12Y",41
"TCGA-C8-A278",41
"TCGA-D8-A1XF",41
"TCGA-E2-A1BD",41
"TCGA-E2-A1LL",41
"TCGA-E2-A56Z",41
"TCGA-E9-A54Y",41
"TCGA-A2-A04Y",40
"TCGA-A2-A1FV",40
"TCGA-AR-A24N",40
"TCGA-B6-A409",40
"TCGA-BH-A0B9",40
"TCGA-BH-A0RX",40
"TCGA-BH-A18N",40
"TCGA-D8-A145",40
"TCGA-D8-A73X",40
"TCGA-E2-A14Y",40
"TCGA-E2-A15C",40
"TCGA-E2-A15P",40
"TCGA-E2-A15R",40
"TCGA-E2-A1B5",40
"TCGA-S3-A6ZG",40
"TCGA-A2-A0SV",39
"TCGA-A7-A13F",39
"TCGA-AN-A03Y",39
"TCGA-AN-A04A",39
"TCGA-B6-A0IC",39
"TCGA-B6-A0IH",39
"TCGA-B6-A0WW",39
"TCGA-BH-A0E0",39
"TCGA-BH-A42V",39
"TCGA-AN-A0AS",38
"TCGA-AR-A0TQ",38
"TCGA-AR-A0U3",38
"TCGA-AR-A1AQ",38
"TCGA-AR-A1AW",38
"TCGA-BH-A204",38
"TCGA-E2-A1B6",38
"TCGA-E9-A247",38
"TCGA-LD-A7W5",38
"TCGA-LL-A50Y",38
"TCGA-LL-A6FR",38
"TCGA-OL-A66N",38
"TCGA-S3-AA12",38
"TCGA-A2-A0CQ",37
"TCGA-A2-A0D4",37
"TCGA-A8-A08Z",37
"TCGA-A8-A090",37
"TCGA-AC-A2FG",37
"TCGA-AN-A0FN",37
"TCGA-AO-A12F",37
"TCGA-AR-A0TR",37
"TCGA-AR-A0U0",37
"TCGA-AR-A1AJ",37
"TCGA-AR-A254",37
"TCGA-AR-A5QN",37
"TCGA-B6-A0RH",37
"TCGA-BH-A0HQ",37
"TCGA-BH-A0HU",37
"TCGA-E2-A14T",37
"TCGA-E9-A1RG",37
"TCGA-EW-A1PA",37
"TCGA-OL-A5D6",37
"TCGA-A8-A06P",36
"TCGA-A8-A07J",36
"TCGA-A8-A0AD",36
"TCGA-AN-A049",36
"TCGA-AN-A0XV",36
"TCGA-BH-A0BT",36
"TCGA-BH-A0GY",36
"TCGA-BH-A1EO",36
"TCGA-C8-A12O",36
"TCGA-C8-A8HR",36
"TCGA-D8-A1X6",36
"TCGA-D8-A1XT",36
"TCGA-E9-A1NI",36
"TCGA-EW-A1P8",36
"TCGA-A2-A04X",35
"TCGA-A2-A0T4",35
"TCGA-A2-A0YE",35
"TCGA-A2-A4S2",35
"TCGA-B6-A0RN",35
"TCGA-B6-A0RO",35
"TCGA-B6-A0WX",35
"TCGA-B6-A40C",35
"TCGA-BH-A0BC",35
"TCGA-C8-A1HO",35
"TCGA-D8-A146",35
"TCGA-D8-A1JI",35
"TCGA-D8-A1JT",35
"TCGA-E2-A1B4",35
"TCGA-E2-A1BC",35
"TCGA-A2-A0CP",34
"TCGA-A2-A0EN",34
"TCGA-A2-A0YL",34
"TCGA-A8-A06Y",34
"TCGA-A8-A08J",34
"TCGA-AN-A03X",34
"TCGA-AN-A0FD",34
"TCGA-AN-A0G0",34
"TCGA-AN-A0XO",34
"TCGA-B6-A0IN",34
"TCGA-B6-A0WV",34
"TCGA-BH-A0HB",34
"TCGA-D8-A1XB",34
"TCGA-D8-A27W",34
"TCGA-E2-A15H",34
"TCGA-E9-A1RB",34
"TCGA-LL-A73Z",34
"TCGA-XX-A899",34
"TCGA-AC-A23G",33
"TCGA-AN-A041",33
"TCGA-BH-A0BF",33
"TCGA-BH-A0DG",33
"TCGA-BH-A0DQ",33
"TCGA-BH-A0E1",33
"TCGA-BH-A0HW",33
"TCGA-BH-A1FD",33
"TCGA-C8-A1HF",33
"TCGA-D8-A1JE",33
"TCGA-D8-A27I",33
"TCGA-E2-A14X",33
"TCGA-E2-A15O",33
"TCGA-E9-A1N5",33
"TCGA-E9-A3X8",33
"TCGA-EW-A2FS",33
"TCGA-OL-A5S0",33
"TCGA-PL-A8LX",33
"TCGA-3C-AALJ",32
"TCGA-A1-A0SD",32
"TCGA-A2-A1G1",32
"TCGA-A8-A083",32
"TCGA-A8-A096",32
"TCGA-A8-A0A6",32
"TCGA-AQ-A1H2",32
"TCGA-AR-A2LL",32
"TCGA-B6-A0IM",32
"TCGA-BH-A0B7",32
"TCGA-BH-A0GZ",32
"TCGA-BH-A0HL",32
"TCGA-BH-A1F5",32
"TCGA-E2-A15D",32
"TCGA-E9-A1NH",32
"TCGA-E9-A1R0",32
"TCGA-EW-A1IX",32
"TCGA-EW-A1J2",32
"TCGA-GM-A2DA",32
"TCGA-A1-A0SJ",31
"TCGA-A2-A04V",31
"TCGA-A2-A0EO",31
"TCGA-A2-A0SU",31
"TCGA-A2-A1G4",31
"TCGA-A7-A5ZX",31
"TCGA-A8-A06T",31
"TCGA-A8-A07F",31
"TCGA-A8-A08X",31
"TCGA-AC-A5EI",31
"TCGA-AN-A0XP",31
"TCGA-AN-A0XR",31
"TCGA-AR-A1AP",31
"TCGA-B6-A0IE",31
"TCGA-BH-A0W4",31
"TCGA-BH-A18S",31
"TCGA-D8-A1XC",31
"TCGA-D8-A1XV",31
"TCGA-E2-A15L",31
"TCGA-S3-A6ZF",31
"TCGA-WT-AB44",31
"TCGA-A1-A0SE",30
"TCGA-A2-A0SX",30
"TCGA-A2-A0T2",30
"TCGA-A2-A0YF",30
"TCGA-A2-A25C",30
"TCGA-A8-A099",30
"TCGA-AN-A0XS",30
"TCGA-B6-A0RM",30
"TCGA-B6-A1KC",30
"TCGA-BH-A0BV",30
"TCGA-BH-A0DE",30
"TCGA-BH-A1FJ",30
"TCGA-BH-A6R8",30
"TCGA-E2-A14O",30
"TCGA-E2-A14Q",30
"TCGA-E2-A15I",30
"TCGA-E2-A15T",30
"TCGA-E2-A1L8",30
"TCGA-E2-A1L9",30
"TCGA-EW-A1PE",30
"TCGA-LD-A7W6",30
"TCGA-A1-A0SG",29
"TCGA-A1-A0SQ",29
"TCGA-A7-A4SC",29
"TCGA-A8-A09C",29
"TCGA-A8-A09V",29
"TCGA-AC-A6NO",29
"TCGA-AC-A8OR",29
"TCGA-AO-A0J8",29
"TCGA-AO-A0JA",29
"TCGA-AR-A1AT",29
"TCGA-BH-A0E9",29
"TCGA-BH-A202",29
"TCGA-BH-AB28",29
"TCGA-C8-A133",29
"TCGA-D8-A1X8",29
"TCGA-E9-A1R6",29
"TCGA-GM-A5PX",29
"TCGA-OK-A5Q2",29
"TCGA-OL-A5D8",29
"TCGA-OL-A5RU",29
"TCGA-A2-A0D3",28
"TCGA-A2-A0EM",28
"TCGA-A8-A08O",28
"TCGA-A8-A0AB",28
"TCGA-AR-A1AL",28
"TCGA-AR-A24K",28
"TCGA-BH-A0BO",28
"TCGA-BH-A0EA",28
"TCGA-BH-A0HI",28
"TCGA-BH-A0HN",28
"TCGA-BH-A0W5",28
"TCGA-BH-A18R",28
"TCGA-E2-A1II",28
"TCGA-E2-A1IL",28
"TCGA-E2-A1IU",28
"TCGA-E9-A1N4",28
"TCGA-E9-A1N8",28
"TCGA-E9-A22A",28
"TCGA-OL-A66K",28
"TCGA-S3-A6ZH",28
"TCGA-A2-A0T1",27
"TCGA-A2-A1FX",27
"TCGA-A7-A0CH",27
"TCGA-A8-A08C",27
"TCGA-AO-A03L",27
"TCGA-AR-A24T",27
"TCGA-AR-A5QM",27
"TCGA-BH-A0BJ",27
"TCGA-BH-A0DP",27
"TCGA-C8-A1HL",27
"TCGA-D8-A27R",27
"TCGA-E2-A156",27
"TCGA-E9-A1R3",27
"TCGA-E9-A5UO",27
"TCGA-EW-A1IY",27
"TCGA-3C-AAAU",26
"TCGA-A2-A0EX",26
"TCGA-A2-A1FZ",26
"TCGA-A7-A0CD",26
"TCGA-AO-A0JF",26
"TCGA-AQ-A1H3",26
"TCGA-AR-A1AN",26
"TCGA-AR-A24X",26
"TCGA-B6-A0IA",26
"TCGA-B6-A0WY",26
"TCGA-C8-A27A",26
"TCGA-D8-A1XA",26
"TCGA-D8-A1XU",26
"TCGA-D8-A3Z6",26
"TCGA-E9-A1N3",26
"TCGA-E9-A5FK",26
"TCGA-OL-A66O",26
"TCGA-S3-AA15",26
"TCGA-A1-A0SM",25
"TCGA-A2-A0ER",25
"TCGA-A8-A082",25
"TCGA-AC-A2FO",25
"TCGA-AC-A7VB",25
"TCGA-B6-A401",25
"TCGA-BH-A0BM",25
"TCGA-BH-A0BQ",25
"TCGA-BH-A0DO",25
"TCGA-BH-A1ET",25
"TCGA-C8-A12N",25
"TCGA-D8-A1XR",25
"TCGA-D8-A27P",25
"TCGA-E2-A153",25
"TCGA-E9-A229",25
"TCGA-GM-A2DK",25
"TCGA-LD-A66U",25
"TCGA-LL-A5YM",25
"TCGA-A2-A259",24
"TCGA-A7-A5ZW",24
"TCGA-AO-A12H",24
"TCGA-AR-A1AX",24
"TCGA-B6-A0I5",24
"TCGA-B6-A0RP",24
"TCGA-D8-A27T",24
"TCGA-E2-A10A",24
"TCGA-E2-A15J",24
"TCGA-E9-A1RA",24
"TCGA-EW-A2FW",24
"TCGA-EW-A6SC",24
"TCGA-GM-A5PV",24
"TCGA-Z7-A8R5",24
"TCGA-A2-A0T7",23
"TCGA-A2-A0YC",23
"TCGA-AR-A24R",23
"TCGA-BH-A0AU",23
"TCGA-BH-A18I",23
"TCGA-D8-A1XS",23
"TCGA-E9-A22D",23
"TCGA-E9-A24A",23
"TCGA-E9-A6HE",23
"TCGA-EW-A1J3",23
"TCGA-EW-A1P3",23
"TCGA-EW-A1P6",23
"TCGA-GM-A2DC",23
"TCGA-GM-A2DN",23
"TCGA-LL-A5YN",23
"TCGA-A2-A0CV",22
"TCGA-A2-A1G0",22
"TCGA-A8-A0A4",22
"TCGA-AN-A0FF",22
"TCGA-AQ-A54O",22
"TCGA-AR-A1AU",22
"TCGA-AR-A24V",22
"TCGA-AR-A5QP",22
"TCGA-B6-A0X4",22
"TCGA-B6-A1KI",22
"TCGA-BH-A0DD",22
"TCGA-BH-A0H0",22
"TCGA-BH-A1ES",22
"TCGA-BH-A1FG",22
"TCGA-BH-A1FL",22
"TCGA-BH-A28Q",22
"TCGA-D8-A1JH",22
"TCGA-D8-A1JS",22
"TCGA-D8-A1XG",22
"TCGA-E9-A1RD",22
"TCGA-OL-A5RX",22
"TCGA-OL-A6VO",22
"TCGA-V7-A7HQ",22
"TCGA-4H-AAAK",21
"TCGA-A2-A0T6",21
"TCGA-A2-A3XU",21
"TCGA-A7-A0D9",21
"TCGA-A8-A07Z",21
"TCGA-A8-A091",21
"TCGA-AC-A23E",21
"TCGA-AR-A24O",21
"TCGA-B6-A0WT",21
"TCGA-BH-A0H6",21
"TCGA-BH-A0HO",21
"TCGA-D8-A1X7",21
"TCGA-D8-A27K",21
"TCGA-E2-A570",21
"TCGA-E9-A1QZ",21
"TCGA-E9-A22H",21
"TCGA-EW-A1J1",21
"TCGA-GM-A2DM",21
"TCGA-AO-A0J7",20
"TCGA-AR-A24P",20
"TCGA-B6-A0WS",20
"TCGA-B6-A0X0",20
"TCGA-BH-A0BD",20
"TCGA-BH-A1EU",20
"TCGA-BH-A1FE",20
"TCGA-BH-A1FH",20
"TCGA-C8-A273",20
"TCGA-E2-A1IE",20
"TCGA-E9-A245",20
"TCGA-E9-A248",20
"TCGA-E9-A2JT",20
"TCGA-A8-A09T",19
"TCGA-AC-A6IV",19
"TCGA-AO-A1KP",19
"TCGA-AR-A24M",19
"TCGA-B6-A0RI",19
"TCGA-BH-A0EI",19
"TCGA-BH-A0W3",19
"TCGA-BH-A1EX",19
"TCGA-C8-A9FZ",19
"TCGA-D8-A141",19
"TCGA-E2-A1L6",19
"TCGA-E9-A1NG",19
"TCGA-EW-A1P0",19
"TCGA-EW-A6S9",19
"TCGA-OL-A66H",19
"TCGA-A2-A0ST",18
"TCGA-AC-A7VC",18
"TCGA-AO-A0JI",18
"TCGA-AO-A12A",18
"TCGA-BH-A201",18
"TCGA-D8-A1XO",18
"TCGA-E2-A572",18
"TCGA-EW-A1P5",18
"TCGA-W8-A86G",18
"TCGA-AN-A0XT",17
"TCGA-AO-A0JJ",17
"TCGA-D8-A1JU",17
"TCGA-D8-A1Y2",17
"TCGA-E2-A1IJ",17
"TCGA-E9-A1RI",17
"TCGA-E9-A227",17
"TCGA-EW-A1OX",17
"TCGA-A2-A0EW",16
"TCGA-A2-A0T5",16
"TCGA-A2-A0YI",16
"TCGA-AR-A2LM",16
"TCGA-BH-A0BS",16
"TCGA-E2-A1IF",16
"TCGA-E2-A1IK",16
"TCGA-A1-A0SB",15
"TCGA-AC-A3YI",15
"TCGA-AO-A0JG",15
"TCGA-AR-A24W",15
"TCGA-AR-A2LO",15
"TCGA-BH-A0DT",15
"TCGA-BH-A0H3",15
"TCGA-BH-A42U",15
"TCGA-S3-AA14",15
"TCGA-BH-A0C3",14
"TCGA-BH-A18M",14
"TCGA-D8-A27E",14
"TCGA-EW-A1P7",14
"TCGA-LD-A9QF",14
"TCGA-A2-A0ES",13
"TCGA-AC-A2BM",13
"TCGA-BH-A1EW",13
"TCGA-BH-A1FR",13
"TCGA-HN-A2OB",13
"TCGA-BH-A0DV",12
"TCGA-BH-A8G0",12
"TCGA-A2-A3KD",11
"TCGA-AC-A2FB",11
"TCGA-E2-A1IO",11
"TCGA-EW-A1PG",11
"TCGA-OL-A5RY",11
"TCGA-AR-A252",10
"TCGA-BH-A6R9",10
"TCGA-OL-A5RV",10
"TCGA-OL-A6VR",10
"TCGA-AC-A2FF",9
"TCGA-A2-A0EP",8
"TCGA-AR-A2LQ",8
"TCGA-A2-A1G6",7
"TCGA-A2-A3XW",6
"TCGA-GM-A3XG",5
"TCGA-A2-A25F",2
"TCGA-AO-A1KO",2
"TCGA-EW-A1P1",2
"TCGA-PL-A8LY",2
